sketch_id,target,condition,category,outcome
0647-bfcd78e5-085c-4631-a47c-0f3dadf71345_12,pigeon,closer,bird,True
0647-bfcd78e5-085c-4631-a47c-0f3dadf71345_19,tomtit,closer,bird,True
0647-bfcd78e5-085c-4631-a47c-0f3dadf71345_4,nightingale,further,bird,True
0647-bfcd78e5-085c-4631-a47c-0f3dadf71345_8,robin,further,bird,True
0834-74e58d84-5f2f-4ffd-8df3-e32076ea5aa1_15,bluejay,further,bird,True
0834-74e58d84-5f2f-4ffd-8df3-e32076ea5aa1_17,cuckoo,further,bird,True
0834-74e58d84-5f2f-4ffd-8df3-e32076ea5aa1_19,crow,further,bird,True
0834-74e58d84-5f2f-4ffd-8df3-e32076ea5aa1_29,tomtit,closer,bird,True
0834-74e58d84-5f2f-4ffd-8df3-e32076ea5aa1_3,robin,closer,bird,True
0834-74e58d84-5f2f-4ffd-8df3-e32076ea5aa1_5,nightingale,closer,bird,True
1233-33433bd3-d72b-4c2a-9ed0-3e83a80f8e94_13,crow,further,bird,True
1233-33433bd3-d72b-4c2a-9ed0-3e83a80f8e94_14,sparrow,further,bird,True
1233-33433bd3-d72b-4c2a-9ed0-3e83a80f8e94_16,tomtit,further,bird,True
1233-33433bd3-d72b-4c2a-9ed0-3e83a80f8e94_19,robin,closer,bird,True
1233-33433bd3-d72b-4c2a-9ed0-3e83a80f8e94_32,pigeon,closer,bird,True
1233-33433bd3-d72b-4c2a-9ed0-3e83a80f8e94_8,cuckoo,closer,bird,True
1593-3cebc49a-ef16-451d-a5a9-aad9b5ac4695_11,robin,further,bird,True
1593-3cebc49a-ef16-451d-a5a9-aad9b5ac4695_14,tomtit,further,bird,True
1593-3cebc49a-ef16-451d-a5a9-aad9b5ac4695_18,pigeon,closer,bird,True
1593-3cebc49a-ef16-451d-a5a9-aad9b5ac4695_19,cuckoo,closer,bird,True
1593-3cebc49a-ef16-451d-a5a9-aad9b5ac4695_23,crow,closer,bird,True
1682-6ebee481-ec2e-4624-a5d2-2e74803e940d_10,cuckoo,further,bird,True
1682-6ebee481-ec2e-4624-a5d2-2e74803e940d_29,robin,further,bird,True
1682-6ebee481-ec2e-4624-a5d2-2e74803e940d_3,nightingale,further,bird,True
1682-6ebee481-ec2e-4624-a5d2-2e74803e940d_6,bluejay,closer,bird,True
1682-6ebee481-ec2e-4624-a5d2-2e74803e940d_7,tomtit,closer,bird,True
1752-fba5d4af-f103-4e3a-b100-d479bb0a2d11_15,crow,further,bird,True
1752-fba5d4af-f103-4e3a-b100-d479bb0a2d11_18,sparrow,closer,bird,True
1752-fba5d4af-f103-4e3a-b100-d479bb0a2d11_19,nightingale,further,bird,True
1752-fba5d4af-f103-4e3a-b100-d479bb0a2d11_4,robin,further,bird,True
1970-1377644d-0742-4343-ae91-737a5b0fbd1f_2,sparrow,further,bird,True
1970-1377644d-0742-4343-ae91-737a5b0fbd1f_22,cuckoo,closer,bird,True
1970-1377644d-0742-4343-ae91-737a5b0fbd1f_29,crow,further,bird,True
1970-1377644d-0742-4343-ae91-737a5b0fbd1f_6,nightingale,closer,bird,True
1970-1377644d-0742-4343-ae91-737a5b0fbd1f_9,bluejay,further,bird,True
2121-a3dd33f4-82fc-4913-991c-1d372f6923f0_10,crow,further,bird,True
2121-a3dd33f4-82fc-4913-991c-1d372f6923f0_2,robin,further,bird,True
2121-a3dd33f4-82fc-4913-991c-1d372f6923f0_25,bluejay,closer,bird,True
2121-a3dd33f4-82fc-4913-991c-1d372f6923f0_29,nightingale,closer,bird,True
2121-a3dd33f4-82fc-4913-991c-1d372f6923f0_3,cuckoo,closer,bird,True
2137-5eb24312-af96-43dc-bb4b-76ac0d817ede_1,bluejay,further,bird,True
2137-5eb24312-af96-43dc-bb4b-76ac0d817ede_29,crow,closer,bird,True
2137-5eb24312-af96-43dc-bb4b-76ac0d817ede_3,tomtit,closer,bird,True
2137-5eb24312-af96-43dc-bb4b-76ac0d817ede_6,nightingale,closer,bird,True
2216-946e1652-c7ea-4dc7-8829-129c7cc55176_23,bluejay,closer,bird,True
2216-946e1652-c7ea-4dc7-8829-129c7cc55176_28,pigeon,further,bird,True
2216-946e1652-c7ea-4dc7-8829-129c7cc55176_3,nightingale,further,bird,True
2216-946e1652-c7ea-4dc7-8829-129c7cc55176_6,sparrow,further,bird,True
2216-946e1652-c7ea-4dc7-8829-129c7cc55176_8,cuckoo,closer,bird,True
2323-a9c585ff-0096-4f9c-8be4-e202993c654f_1,bluejay,closer,bird,True
2323-a9c585ff-0096-4f9c-8be4-e202993c654f_12,nightingale,closer,bird,True
2323-a9c585ff-0096-4f9c-8be4-e202993c654f_16,sparrow,closer,bird,True
2323-a9c585ff-0096-4f9c-8be4-e202993c654f_18,cuckoo,further,bird,True
2323-a9c585ff-0096-4f9c-8be4-e202993c654f_21,pigeon,further,bird,True
2323-a9c585ff-0096-4f9c-8be4-e202993c654f_26,crow,further,bird,True
2323-a9c585ff-0096-4f9c-8be4-e202993c654f_8,tomtit,further,bird,True
2611-14794729-06be-4093-aac5-8a631b1fa894_11,robin,further,bird,True
2611-14794729-06be-4093-aac5-8a631b1fa894_15,nightingale,further,bird,True
2611-14794729-06be-4093-aac5-8a631b1fa894_18,pigeon,closer,bird,True
2611-14794729-06be-4093-aac5-8a631b1fa894_21,sparrow,further,bird,True
2611-14794729-06be-4093-aac5-8a631b1fa894_8,bluejay,further,bird,True
2721-f28245be-a3ac-425e-9538-5c0803980807_11,tomtit,further,bird,True
2721-f28245be-a3ac-425e-9538-5c0803980807_13,robin,closer,bird,True
2721-f28245be-a3ac-425e-9538-5c0803980807_23,bluejay,closer,bird,True
2721-f28245be-a3ac-425e-9538-5c0803980807_31,pigeon,further,bird,True
2721-f28245be-a3ac-425e-9538-5c0803980807_32,cuckoo,further,bird,True
3058-fb4fe740-d862-453b-a08f-44375a040165_1,bluejay,closer,bird,True
3058-fb4fe740-d862-453b-a08f-44375a040165_15,robin,closer,bird,True
3058-fb4fe740-d862-453b-a08f-44375a040165_18,tomtit,further,bird,True
3058-fb4fe740-d862-453b-a08f-44375a040165_21,sparrow,closer,bird,True
3058-fb4fe740-d862-453b-a08f-44375a040165_22,crow,further,bird,True
3058-fb4fe740-d862-453b-a08f-44375a040165_23,nightingale,further,bird,True
3058-fb4fe740-d862-453b-a08f-44375a040165_32,pigeon,further,bird,True
3058-fb4fe740-d862-453b-a08f-44375a040165_7,cuckoo,closer,bird,True
3113-105e6653-7fd1-4451-af00-46bb3145880a_1,robin,closer,bird,True
3113-105e6653-7fd1-4451-af00-46bb3145880a_12,nightingale,further,bird,True
3113-105e6653-7fd1-4451-af00-46bb3145880a_18,sparrow,further,bird,True
3113-105e6653-7fd1-4451-af00-46bb3145880a_26,bluejay,further,bird,True
3169-1a552a49-44e5-4a78-bed6-72a6aca82625_1,crow,further,bird,True
3169-1a552a49-44e5-4a78-bed6-72a6aca82625_10,bluejay,further,bird,True
3169-1a552a49-44e5-4a78-bed6-72a6aca82625_19,tomtit,further,bird,True
3169-1a552a49-44e5-4a78-bed6-72a6aca82625_22,sparrow,closer,bird,True
3169-1a552a49-44e5-4a78-bed6-72a6aca82625_27,cuckoo,closer,bird,True
3257-2f4b83dc-a618-4194-a666-67e8a3f5539d_10,bluejay,closer,bird,True
3257-2f4b83dc-a618-4194-a666-67e8a3f5539d_13,crow,further,bird,True
3257-2f4b83dc-a618-4194-a666-67e8a3f5539d_18,cuckoo,closer,bird,True
3257-2f4b83dc-a618-4194-a666-67e8a3f5539d_22,pigeon,further,bird,True
3257-2f4b83dc-a618-4194-a666-67e8a3f5539d_4,nightingale,further,bird,True
3257-2f4b83dc-a618-4194-a666-67e8a3f5539d_6,tomtit,further,bird,True
3257-2f4b83dc-a618-4194-a666-67e8a3f5539d_8,robin,closer,bird,True
3485-477008c1-e529-4ad0-a62b-df33c782a5e3_11,sparrow,further,bird,True
3485-477008c1-e529-4ad0-a62b-df33c782a5e3_15,nightingale,closer,bird,True
3485-477008c1-e529-4ad0-a62b-df33c782a5e3_2,pigeon,further,bird,True
3485-477008c1-e529-4ad0-a62b-df33c782a5e3_24,bluejay,further,bird,True
3485-477008c1-e529-4ad0-a62b-df33c782a5e3_30,tomtit,further,bird,True
3485-477008c1-e529-4ad0-a62b-df33c782a5e3_6,cuckoo,closer,bird,True
3741-3d676fa8-13ae-4785-8a62-7cc820eaccb0_12,pigeon,closer,bird,True
3741-3d676fa8-13ae-4785-8a62-7cc820eaccb0_16,cuckoo,further,bird,True
3741-3d676fa8-13ae-4785-8a62-7cc820eaccb0_18,tomtit,further,bird,True
3741-3d676fa8-13ae-4785-8a62-7cc820eaccb0_21,nightingale,closer,bird,True
3741-3d676fa8-13ae-4785-8a62-7cc820eaccb0_32,bluejay,further,bird,True
3956-be947e80-531d-42ce-b238-e0b3bd997edf_13,nightingale,further,bird,True
3956-be947e80-531d-42ce-b238-e0b3bd997edf_17,robin,closer,bird,True
3956-be947e80-531d-42ce-b238-e0b3bd997edf_2,tomtit,closer,bird,True
3956-be947e80-531d-42ce-b238-e0b3bd997edf_29,sparrow,further,bird,True
3956-be947e80-531d-42ce-b238-e0b3bd997edf_32,crow,closer,bird,True
4088-45a9d4bd-2ce2-4404-8743-5d9a30dc38e2_1,tomtit,further,bird,True
4088-45a9d4bd-2ce2-4404-8743-5d9a30dc38e2_13,nightingale,closer,bird,True
4088-45a9d4bd-2ce2-4404-8743-5d9a30dc38e2_14,sparrow,closer,bird,True
4088-45a9d4bd-2ce2-4404-8743-5d9a30dc38e2_25,robin,closer,bird,True
4088-45a9d4bd-2ce2-4404-8743-5d9a30dc38e2_7,cuckoo,further,bird,True
4088-45a9d4bd-2ce2-4404-8743-5d9a30dc38e2_8,crow,further,bird,True
4409-c993cc06-d675-4acb-881f-b5377cf24d71_11,pigeon,closer,bird,True
4409-c993cc06-d675-4acb-881f-b5377cf24d71_4,robin,closer,bird,True
4609-852cfd4d-44d8-42fc-9c7c-8460ce918f16_1,pigeon,further,bird,True
4609-852cfd4d-44d8-42fc-9c7c-8460ce918f16_15,cuckoo,closer,bird,True
4609-852cfd4d-44d8-42fc-9c7c-8460ce918f16_20,nightingale,closer,bird,True
5325-5c1c06e3-3674-4ae6-add2-d188a9a7c4b5_16,pigeon,further,bird,True
5325-5c1c06e3-3674-4ae6-add2-d188a9a7c4b5_19,sparrow,closer,bird,True
5325-5c1c06e3-3674-4ae6-add2-d188a9a7c4b5_26,cuckoo,closer,bird,True
5325-5c1c06e3-3674-4ae6-add2-d188a9a7c4b5_31,nightingale,closer,bird,True
5325-5c1c06e3-3674-4ae6-add2-d188a9a7c4b5_5,tomtit,further,bird,True
5325-5c1c06e3-3674-4ae6-add2-d188a9a7c4b5_7,crow,further,bird,True
5325-5c1c06e3-3674-4ae6-add2-d188a9a7c4b5_8,bluejay,further,bird,True
5325-5c1c06e3-3674-4ae6-add2-d188a9a7c4b5_9,robin,closer,bird,True
5650-cb4a9e85-a383-43f6-83e6-331e286811d1_17,cuckoo,further,bird,True
5650-cb4a9e85-a383-43f6-83e6-331e286811d1_27,nightingale,further,bird,True
5650-cb4a9e85-a383-43f6-83e6-331e286811d1_32,tomtit,further,bird,True
5650-cb4a9e85-a383-43f6-83e6-331e286811d1_5,crow,closer,bird,True
5650-cb4a9e85-a383-43f6-83e6-331e286811d1_9,bluejay,closer,bird,True
5708-fd15d921-aa1b-46e4-ad51-e0c743c2db0d_1,tomtit,further,bird,True
5708-fd15d921-aa1b-46e4-ad51-e0c743c2db0d_13,crow,further,bird,True
5708-fd15d921-aa1b-46e4-ad51-e0c743c2db0d_20,bluejay,further,bird,True
5708-fd15d921-aa1b-46e4-ad51-e0c743c2db0d_21,cuckoo,closer,bird,True
5708-fd15d921-aa1b-46e4-ad51-e0c743c2db0d_3,nightingale,closer,bird,True
5708-fd15d921-aa1b-46e4-ad51-e0c743c2db0d_31,sparrow,further,bird,True
6224-40ab6004-b7c1-4d1d-a308-a061099290fc_12,bluejay,closer,bird,True
6224-40ab6004-b7c1-4d1d-a308-a061099290fc_15,crow,further,bird,True
6224-40ab6004-b7c1-4d1d-a308-a061099290fc_22,tomtit,closer,bird,True
6224-40ab6004-b7c1-4d1d-a308-a061099290fc_3,pigeon,further,bird,True
6224-40ab6004-b7c1-4d1d-a308-a061099290fc_32,nightingale,further,bird,True
6224-40ab6004-b7c1-4d1d-a308-a061099290fc_5,robin,closer,bird,True
6224-40ab6004-b7c1-4d1d-a308-a061099290fc_7,cuckoo,closer,bird,True
6311-cd21a68a-f1df-4290-b744-b0c7c7c60ed8_10,bluejay,closer,bird,True
6311-cd21a68a-f1df-4290-b744-b0c7c7c60ed8_12,nightingale,further,bird,True
6311-cd21a68a-f1df-4290-b744-b0c7c7c60ed8_16,pigeon,further,bird,True
6311-cd21a68a-f1df-4290-b744-b0c7c7c60ed8_18,tomtit,closer,bird,True
6311-cd21a68a-f1df-4290-b744-b0c7c7c60ed8_19,cuckoo,closer,bird,True
6311-cd21a68a-f1df-4290-b744-b0c7c7c60ed8_28,robin,further,bird,True
6486-e7055f99-5fec-4fb7-a7fd-7ebf49ba594f_13,pigeon,further,bird,True
6486-e7055f99-5fec-4fb7-a7fd-7ebf49ba594f_15,robin,further,bird,True
6486-e7055f99-5fec-4fb7-a7fd-7ebf49ba594f_16,bluejay,further,bird,True
6486-e7055f99-5fec-4fb7-a7fd-7ebf49ba594f_6,cuckoo,further,bird,True
6786-9c3169eb-962e-468b-8922-b99247975eb2_27,cuckoo,closer,bird,True
6786-9c3169eb-962e-468b-8922-b99247975eb2_28,robin,further,bird,True
6786-9c3169eb-962e-468b-8922-b99247975eb2_3,bluejay,closer,bird,True
6786-9c3169eb-962e-468b-8922-b99247975eb2_6,nightingale,further,bird,True
7106-d5bbcf75-2894-4656-b1bd-19e73abf8a17_10,tomtit,further,bird,True
7106-d5bbcf75-2894-4656-b1bd-19e73abf8a17_20,cuckoo,further,bird,True
7106-d5bbcf75-2894-4656-b1bd-19e73abf8a17_23,bluejay,closer,bird,True
7106-d5bbcf75-2894-4656-b1bd-19e73abf8a17_24,crow,further,bird,True
7106-d5bbcf75-2894-4656-b1bd-19e73abf8a17_25,sparrow,closer,bird,True
7106-d5bbcf75-2894-4656-b1bd-19e73abf8a17_32,pigeon,further,bird,True
7285-f99d9991-de84-43cc-b359-e9de387ab0b5_13,sparrow,closer,bird,True
7285-f99d9991-de84-43cc-b359-e9de387ab0b5_20,robin,further,bird,True
7285-f99d9991-de84-43cc-b359-e9de387ab0b5_22,nightingale,closer,bird,True
7285-f99d9991-de84-43cc-b359-e9de387ab0b5_25,bluejay,further,bird,True
7285-f99d9991-de84-43cc-b359-e9de387ab0b5_4,pigeon,further,bird,True
7988-85f09ac5-8225-48f3-9367-e890cdbb4ffb_11,crow,further,bird,True
7988-85f09ac5-8225-48f3-9367-e890cdbb4ffb_15,bluejay,closer,bird,True
7988-85f09ac5-8225-48f3-9367-e890cdbb4ffb_18,sparrow,further,bird,True
7988-85f09ac5-8225-48f3-9367-e890cdbb4ffb_3,robin,closer,bird,True
7988-85f09ac5-8225-48f3-9367-e890cdbb4ffb_4,cuckoo,further,bird,True
7988-85f09ac5-8225-48f3-9367-e890cdbb4ffb_5,nightingale,further,bird,True
8154-5d8b5091-2c29-4502-9719-1b295ff55c49_21,pigeon,further,bird,True
8154-5d8b5091-2c29-4502-9719-1b295ff55c49_5,nightingale,closer,bird,True
8154-5d8b5091-2c29-4502-9719-1b295ff55c49_8,robin,further,bird,True
8265-92081336-152b-4a90-bdb4-fea038f4c9b8_15,nightingale,further,bird,True
8265-92081336-152b-4a90-bdb4-fea038f4c9b8_18,cuckoo,further,bird,True
8265-92081336-152b-4a90-bdb4-fea038f4c9b8_2,bluejay,closer,bird,True
8265-92081336-152b-4a90-bdb4-fea038f4c9b8_7,tomtit,further,bird,True
8297-39d66207-4fb6-430c-8e2b-4f95213b6a55_14,robin,further,bird,True
8297-39d66207-4fb6-430c-8e2b-4f95213b6a55_19,bluejay,closer,bird,True
8297-39d66207-4fb6-430c-8e2b-4f95213b6a55_24,sparrow,closer,bird,True
8297-39d66207-4fb6-430c-8e2b-4f95213b6a55_29,nightingale,closer,bird,True
8297-39d66207-4fb6-430c-8e2b-4f95213b6a55_30,tomtit,further,bird,True
8486-a0a44a5f-4eb9-4924-b2b6-247478e1ce8d_14,sparrow,further,bird,True
8486-a0a44a5f-4eb9-4924-b2b6-247478e1ce8d_23,pigeon,closer,bird,True
8486-a0a44a5f-4eb9-4924-b2b6-247478e1ce8d_25,tomtit,further,bird,True
8486-a0a44a5f-4eb9-4924-b2b6-247478e1ce8d_26,cuckoo,further,bird,True
8486-a0a44a5f-4eb9-4924-b2b6-247478e1ce8d_30,bluejay,closer,bird,True
9229-923201c3-dd68-4362-8eec-77cb88a647c4_13,nightingale,further,bird,True
9229-923201c3-dd68-4362-8eec-77cb88a647c4_14,bluejay,closer,bird,True
9229-923201c3-dd68-4362-8eec-77cb88a647c4_18,sparrow,closer,bird,True
9229-923201c3-dd68-4362-8eec-77cb88a647c4_29,robin,further,bird,True
9229-923201c3-dd68-4362-8eec-77cb88a647c4_30,pigeon,closer,bird,True
9229-923201c3-dd68-4362-8eec-77cb88a647c4_8,tomtit,further,bird,True
9229-923201c3-dd68-4362-8eec-77cb88a647c4_9,cuckoo,further,bird,True
9840-46b175c7-8715-49fe-99a6-0dae8776ef1b_12,robin,further,bird,True
9840-46b175c7-8715-49fe-99a6-0dae8776ef1b_25,bluejay,further,bird,True
9840-46b175c7-8715-49fe-99a6-0dae8776ef1b_4,pigeon,closer,bird,True
9840-46b175c7-8715-49fe-99a6-0dae8776ef1b_6,sparrow,further,bird,True
9840-46b175c7-8715-49fe-99a6-0dae8776ef1b_7,nightingale,further,bird,True
9877-e1c91119-da46-40fa-82fe-17405ca56a3b_1,crow,further,bird,True
9877-e1c91119-da46-40fa-82fe-17405ca56a3b_11,robin,further,bird,True
9877-e1c91119-da46-40fa-82fe-17405ca56a3b_15,cuckoo,closer,bird,True
9877-e1c91119-da46-40fa-82fe-17405ca56a3b_17,tomtit,closer,bird,True
9877-e1c91119-da46-40fa-82fe-17405ca56a3b_6,bluejay,further,bird,True
0647-bfcd78e5-085c-4631-a47c-0f3dadf71345_14,white,further,car,True
0647-bfcd78e5-085c-4631-a47c-0f3dadf71345_23,brown,further,car,True
0647-bfcd78e5-085c-4631-a47c-0f3dadf71345_31,redantique,closer,car,True
0647-bfcd78e5-085c-4631-a47c-0f3dadf71345_32,hatchback,closer,car,True
0647-bfcd78e5-085c-4631-a47c-0f3dadf71345_7,bluesport,further,car,True
0834-74e58d84-5f2f-4ffd-8df3-e32076ea5aa1_1,redsport,further,car,True
0834-74e58d84-5f2f-4ffd-8df3-e32076ea5aa1_11,redantique,closer,car,True
0834-74e58d84-5f2f-4ffd-8df3-e32076ea5aa1_16,white,closer,car,True
0834-74e58d84-5f2f-4ffd-8df3-e32076ea5aa1_2,bluesport,closer,car,True
0834-74e58d84-5f2f-4ffd-8df3-e32076ea5aa1_24,bluesedan,further,car,True
0834-74e58d84-5f2f-4ffd-8df3-e32076ea5aa1_25,brown,closer,car,True
0834-74e58d84-5f2f-4ffd-8df3-e32076ea5aa1_31,hatchback,further,car,True
1233-33433bd3-d72b-4c2a-9ed0-3e83a80f8e94_18,redantique,closer,car,True
1233-33433bd3-d72b-4c2a-9ed0-3e83a80f8e94_25,bluesport,further,car,True
1233-33433bd3-d72b-4c2a-9ed0-3e83a80f8e94_4,beetle,further,car,True
1233-33433bd3-d72b-4c2a-9ed0-3e83a80f8e94_6,brown,further,car,True
1593-3cebc49a-ef16-451d-a5a9-aad9b5ac4695_25,bluesedan,further,car,True
1593-3cebc49a-ef16-451d-a5a9-aad9b5ac4695_26,hatchback,further,car,True
1593-3cebc49a-ef16-451d-a5a9-aad9b5ac4695_8,redsport,further,car,True
1682-6ebee481-ec2e-4624-a5d2-2e74803e940d_15,beetle,closer,car,True
1682-6ebee481-ec2e-4624-a5d2-2e74803e940d_16,bluesport,closer,car,True
1682-6ebee481-ec2e-4624-a5d2-2e74803e940d_18,redsport,closer,car,True
1682-6ebee481-ec2e-4624-a5d2-2e74803e940d_23,redantique,further,car,True
1682-6ebee481-ec2e-4624-a5d2-2e74803e940d_26,white,further,car,True
1682-6ebee481-ec2e-4624-a5d2-2e74803e940d_5,bluesedan,further,car,True
1752-fba5d4af-f103-4e3a-b100-d479bb0a2d11_1,bluesport,closer,car,False
1752-fba5d4af-f103-4e3a-b100-d479bb0a2d11_13,redantique,closer,car,True
1752-fba5d4af-f103-4e3a-b100-d479bb0a2d11_20,bluesedan,closer,car,True
1752-fba5d4af-f103-4e3a-b100-d479bb0a2d11_5,redsport,further,car,True
1752-fba5d4af-f103-4e3a-b100-d479bb0a2d11_6,hatchback,closer,car,True
1970-1377644d-0742-4343-ae91-737a5b0fbd1f_1,white,further,car,True
1970-1377644d-0742-4343-ae91-737a5b0fbd1f_12,hatchback,closer,car,True
1970-1377644d-0742-4343-ae91-737a5b0fbd1f_18,redsport,closer,car,True
1970-1377644d-0742-4343-ae91-737a5b0fbd1f_24,redantique,closer,car,True
1970-1377644d-0742-4343-ae91-737a5b0fbd1f_31,bluesedan,further,car,True
2121-a3dd33f4-82fc-4913-991c-1d372f6923f0_1,white,further,car,True
2121-a3dd33f4-82fc-4913-991c-1d372f6923f0_12,redantique,closer,car,True
2121-a3dd33f4-82fc-4913-991c-1d372f6923f0_20,hatchback,closer,car,True
2121-a3dd33f4-82fc-4913-991c-1d372f6923f0_21,beetle,further,car,True
2121-a3dd33f4-82fc-4913-991c-1d372f6923f0_31,redsport,further,car,True
2121-a3dd33f4-82fc-4913-991c-1d372f6923f0_6,bluesedan,further,car,True
2121-a3dd33f4-82fc-4913-991c-1d372f6923f0_7,bluesport,closer,car,False
2137-5eb24312-af96-43dc-bb4b-76ac0d817ede_14,redsport,further,car,True
2137-5eb24312-af96-43dc-bb4b-76ac0d817ede_19,brown,closer,car,True
2137-5eb24312-af96-43dc-bb4b-76ac0d817ede_26,beetle,closer,car,True
2216-946e1652-c7ea-4dc7-8829-129c7cc55176_13,bluesedan,closer,car,True
2216-946e1652-c7ea-4dc7-8829-129c7cc55176_15,bluesport,closer,car,True
2216-946e1652-c7ea-4dc7-8829-129c7cc55176_21,hatchback,closer,car,True
2216-946e1652-c7ea-4dc7-8829-129c7cc55176_25,brown,further,car,True
2216-946e1652-c7ea-4dc7-8829-129c7cc55176_9,white,further,car,True
2323-a9c585ff-0096-4f9c-8be4-e202993c654f_10,bluesport,closer,car,True
2323-a9c585ff-0096-4f9c-8be4-e202993c654f_17,white,further,car,True
2323-a9c585ff-0096-4f9c-8be4-e202993c654f_4,beetle,closer,car,True
2323-a9c585ff-0096-4f9c-8be4-e202993c654f_5,bluesedan,further,car,True
2323-a9c585ff-0096-4f9c-8be4-e202993c654f_6,redantique,further,car,True
2323-a9c585ff-0096-4f9c-8be4-e202993c654f_9,hatchback,further,car,True
2611-14794729-06be-4093-aac5-8a631b1fa894_12,bluesedan,further,car,True
2611-14794729-06be-4093-aac5-8a631b1fa894_27,redsport,further,car,True
2611-14794729-06be-4093-aac5-8a631b1fa894_29,redantique,further,car,True
2611-14794729-06be-4093-aac5-8a631b1fa894_30,beetle,closer,car,True
2611-14794729-06be-4093-aac5-8a631b1fa894_4,bluesport,further,car,True
2721-f28245be-a3ac-425e-9538-5c0803980807_15,bluesedan,closer,car,True
2721-f28245be-a3ac-425e-9538-5c0803980807_29,white,further,car,True
2721-f28245be-a3ac-425e-9538-5c0803980807_4,redantique,further,car,True
2721-f28245be-a3ac-425e-9538-5c0803980807_5,hatchback,further,car,True
2721-f28245be-a3ac-425e-9538-5c0803980807_6,bluesport,further,car,True
2721-f28245be-a3ac-425e-9538-5c0803980807_9,redsport,closer,car,True
3058-fb4fe740-d862-453b-a08f-44375a040165_10,hatchback,closer,car,True
3058-fb4fe740-d862-453b-a08f-44375a040165_14,bluesport,further,car,True
3058-fb4fe740-d862-453b-a08f-44375a040165_17,white,further,car,True
3058-fb4fe740-d862-453b-a08f-44375a040165_20,redsport,further,car,True
3058-fb4fe740-d862-453b-a08f-44375a040165_5,brown,closer,car,True
3113-105e6653-7fd1-4451-af00-46bb3145880a_2,bluesedan,closer,car,True
3113-105e6653-7fd1-4451-af00-46bb3145880a_23,bluesport,closer,car,True
3113-105e6653-7fd1-4451-af00-46bb3145880a_29,hatchback,further,car,True
3113-105e6653-7fd1-4451-af00-46bb3145880a_3,redantique,further,car,True
3113-105e6653-7fd1-4451-af00-46bb3145880a_30,brown,closer,car,True
3169-1a552a49-44e5-4a78-bed6-72a6aca82625_18,beetle,closer,car,True
3169-1a552a49-44e5-4a78-bed6-72a6aca82625_20,hatchback,further,car,True
3169-1a552a49-44e5-4a78-bed6-72a6aca82625_23,redantique,further,car,True
3169-1a552a49-44e5-4a78-bed6-72a6aca82625_32,white,closer,car,True
3169-1a552a49-44e5-4a78-bed6-72a6aca82625_4,redsport,closer,car,True
3169-1a552a49-44e5-4a78-bed6-72a6aca82625_6,brown,further,car,True
3169-1a552a49-44e5-4a78-bed6-72a6aca82625_8,bluesport,further,car,True
3257-2f4b83dc-a618-4194-a666-67e8a3f5539d_15,hatchback,closer,car,True
3257-2f4b83dc-a618-4194-a666-67e8a3f5539d_2,bluesedan,further,car,True
3257-2f4b83dc-a618-4194-a666-67e8a3f5539d_28,beetle,further,car,True
3257-2f4b83dc-a618-4194-a666-67e8a3f5539d_3,bluesport,further,car,True
3257-2f4b83dc-a618-4194-a666-67e8a3f5539d_7,white,closer,car,True
3257-2f4b83dc-a618-4194-a666-67e8a3f5539d_9,brown,closer,car,True
3485-477008c1-e529-4ad0-a62b-df33c782a5e3_13,redantique,closer,car,True
3485-477008c1-e529-4ad0-a62b-df33c782a5e3_17,redsport,closer,car,True
3485-477008c1-e529-4ad0-a62b-df33c782a5e3_21,white,further,car,True
3485-477008c1-e529-4ad0-a62b-df33c782a5e3_22,bluesedan,closer,car,True
3485-477008c1-e529-4ad0-a62b-df33c782a5e3_23,bluesport,further,car,True
3485-477008c1-e529-4ad0-a62b-df33c782a5e3_26,brown,further,car,True
3485-477008c1-e529-4ad0-a62b-df33c782a5e3_5,beetle,closer,car,True
3741-3d676fa8-13ae-4785-8a62-7cc820eaccb0_1,brown,closer,car,True
3741-3d676fa8-13ae-4785-8a62-7cc820eaccb0_15,hatchback,further,car,True
3741-3d676fa8-13ae-4785-8a62-7cc820eaccb0_26,beetle,closer,car,True
3741-3d676fa8-13ae-4785-8a62-7cc820eaccb0_31,redantique,closer,car,True
3741-3d676fa8-13ae-4785-8a62-7cc820eaccb0_9,white,further,car,True
3956-be947e80-531d-42ce-b238-e0b3bd997edf_1,redsport,further,car,True
3956-be947e80-531d-42ce-b238-e0b3bd997edf_16,bluesport,further,car,True
3956-be947e80-531d-42ce-b238-e0b3bd997edf_24,hatchback,further,car,True
3956-be947e80-531d-42ce-b238-e0b3bd997edf_5,brown,further,car,True
3956-be947e80-531d-42ce-b238-e0b3bd997edf_7,redantique,closer,car,True
3956-be947e80-531d-42ce-b238-e0b3bd997edf_8,white,closer,car,True
3956-be947e80-531d-42ce-b238-e0b3bd997edf_9,bluesedan,closer,car,True
4088-45a9d4bd-2ce2-4404-8743-5d9a30dc38e2_12,bluesedan,further,car,True
4088-45a9d4bd-2ce2-4404-8743-5d9a30dc38e2_24,hatchback,closer,car,True
4088-45a9d4bd-2ce2-4404-8743-5d9a30dc38e2_27,redantique,further,car,True
4088-45a9d4bd-2ce2-4404-8743-5d9a30dc38e2_32,beetle,closer,car,True
4088-45a9d4bd-2ce2-4404-8743-5d9a30dc38e2_9,bluesport,further,car,True
4409-c993cc06-d675-4acb-881f-b5377cf24d71_12,redsport,further,car,True
4409-c993cc06-d675-4acb-881f-b5377cf24d71_14,bluesport,closer,car,True
4409-c993cc06-d675-4acb-881f-b5377cf24d71_15,white,further,car,True
4409-c993cc06-d675-4acb-881f-b5377cf24d71_26,brown,further,car,True
4409-c993cc06-d675-4acb-881f-b5377cf24d71_29,bluesedan,closer,car,True
4409-c993cc06-d675-4acb-881f-b5377cf24d71_31,redantique,further,car,True
4609-852cfd4d-44d8-42fc-9c7c-8460ce918f16_25,white,further,car,True
4609-852cfd4d-44d8-42fc-9c7c-8460ce918f16_29,beetle,further,car,True
4609-852cfd4d-44d8-42fc-9c7c-8460ce918f16_31,redsport,closer,car,True
4609-852cfd4d-44d8-42fc-9c7c-8460ce918f16_4,redantique,closer,car,True
4609-852cfd4d-44d8-42fc-9c7c-8460ce918f16_7,brown,closer,car,True
4609-852cfd4d-44d8-42fc-9c7c-8460ce918f16_8,bluesport,further,car,True
5325-5c1c06e3-3674-4ae6-add2-d188a9a7c4b5_18,bluesedan,closer,car,True
5325-5c1c06e3-3674-4ae6-add2-d188a9a7c4b5_22,redantique,further,car,True
5325-5c1c06e3-3674-4ae6-add2-d188a9a7c4b5_25,bluesport,further,car,True
5325-5c1c06e3-3674-4ae6-add2-d188a9a7c4b5_3,brown,further,car,True
5325-5c1c06e3-3674-4ae6-add2-d188a9a7c4b5_30,hatchback,closer,car,True
5325-5c1c06e3-3674-4ae6-add2-d188a9a7c4b5_32,redsport,further,car,True
5325-5c1c06e3-3674-4ae6-add2-d188a9a7c4b5_4,white,closer,car,True
5650-cb4a9e85-a383-43f6-83e6-331e286811d1_12,brown,further,car,True
5650-cb4a9e85-a383-43f6-83e6-331e286811d1_13,hatchback,closer,car,True
5650-cb4a9e85-a383-43f6-83e6-331e286811d1_14,white,further,car,True
5650-cb4a9e85-a383-43f6-83e6-331e286811d1_2,beetle,closer,car,True
5650-cb4a9e85-a383-43f6-83e6-331e286811d1_26,bluesport,closer,car,True
5650-cb4a9e85-a383-43f6-83e6-331e286811d1_31,bluesedan,closer,car,True
5650-cb4a9e85-a383-43f6-83e6-331e286811d1_4,redantique,further,car,True
5708-fd15d921-aa1b-46e4-ad51-e0c743c2db0d_25,redsport,further,car,True
5708-fd15d921-aa1b-46e4-ad51-e0c743c2db0d_4,bluesedan,further,car,True
5708-fd15d921-aa1b-46e4-ad51-e0c743c2db0d_5,redantique,further,car,True
5708-fd15d921-aa1b-46e4-ad51-e0c743c2db0d_8,white,closer,car,True
6224-40ab6004-b7c1-4d1d-a308-a061099290fc_14,bluesport,closer,car,True
6224-40ab6004-b7c1-4d1d-a308-a061099290fc_17,beetle,further,car,True
6224-40ab6004-b7c1-4d1d-a308-a061099290fc_23,white,closer,car,True
6224-40ab6004-b7c1-4d1d-a308-a061099290fc_6,redsport,further,car,True
6224-40ab6004-b7c1-4d1d-a308-a061099290fc_8,redantique,closer,car,True
6311-cd21a68a-f1df-4290-b744-b0c7c7c60ed8_1,bluesport,further,car,True
6311-cd21a68a-f1df-4290-b744-b0c7c7c60ed8_17,brown,further,car,True
6311-cd21a68a-f1df-4290-b744-b0c7c7c60ed8_23,white,further,car,True
6311-cd21a68a-f1df-4290-b744-b0c7c7c60ed8_5,redsport,closer,car,True
6311-cd21a68a-f1df-4290-b744-b0c7c7c60ed8_6,redantique,further,car,True
6311-cd21a68a-f1df-4290-b744-b0c7c7c60ed8_9,hatchback,closer,car,True
6486-e7055f99-5fec-4fb7-a7fd-7ebf49ba594f_2,hatchback,further,car,True
6486-e7055f99-5fec-4fb7-a7fd-7ebf49ba594f_20,bluesport,closer,car,True
6486-e7055f99-5fec-4fb7-a7fd-7ebf49ba594f_25,redantique,closer,car,True
6486-e7055f99-5fec-4fb7-a7fd-7ebf49ba594f_26,bluesedan,closer,car,True
6486-e7055f99-5fec-4fb7-a7fd-7ebf49ba594f_30,white,closer,car,True
6486-e7055f99-5fec-4fb7-a7fd-7ebf49ba594f_8,brown,further,car,True
6486-e7055f99-5fec-4fb7-a7fd-7ebf49ba594f_9,redsport,further,car,True
6786-9c3169eb-962e-468b-8922-b99247975eb2_12,brown,further,car,True
6786-9c3169eb-962e-468b-8922-b99247975eb2_16,beetle,further,car,True
6786-9c3169eb-962e-468b-8922-b99247975eb2_19,redsport,closer,car,True
6786-9c3169eb-962e-468b-8922-b99247975eb2_2,white,further,car,True
6786-9c3169eb-962e-468b-8922-b99247975eb2_32,bluesport,closer,car,True
6786-9c3169eb-962e-468b-8922-b99247975eb2_4,redantique,further,car,True
7106-d5bbcf75-2894-4656-b1bd-19e73abf8a17_16,bluesport,further,car,True
7106-d5bbcf75-2894-4656-b1bd-19e73abf8a17_2,redsport,closer,car,True
7106-d5bbcf75-2894-4656-b1bd-19e73abf8a17_21,white,further,car,True
7106-d5bbcf75-2894-4656-b1bd-19e73abf8a17_22,beetle,closer,car,True
7106-d5bbcf75-2894-4656-b1bd-19e73abf8a17_5,redantique,closer,car,True
7106-d5bbcf75-2894-4656-b1bd-19e73abf8a17_6,hatchback,further,car,True
7106-d5bbcf75-2894-4656-b1bd-19e73abf8a17_9,brown,further,car,True
7285-f99d9991-de84-43cc-b359-e9de387ab0b5_12,white,further,car,True
7285-f99d9991-de84-43cc-b359-e9de387ab0b5_15,hatchback,closer,car,True
7285-f99d9991-de84-43cc-b359-e9de387ab0b5_18,bluesedan,further,car,True
7285-f99d9991-de84-43cc-b359-e9de387ab0b5_26,redsport,closer,car,True
7285-f99d9991-de84-43cc-b359-e9de387ab0b5_32,bluesport,closer,car,True
7285-f99d9991-de84-43cc-b359-e9de387ab0b5_6,beetle,closer,car,True
7988-85f09ac5-8225-48f3-9367-e890cdbb4ffb_10,beetle,further,car,True
7988-85f09ac5-8225-48f3-9367-e890cdbb4ffb_12,white,closer,car,True
7988-85f09ac5-8225-48f3-9367-e890cdbb4ffb_2,brown,further,car,True
7988-85f09ac5-8225-48f3-9367-e890cdbb4ffb_27,bluesport,closer,car,True
7988-85f09ac5-8225-48f3-9367-e890cdbb4ffb_31,bluesedan,closer,car,True
7988-85f09ac5-8225-48f3-9367-e890cdbb4ffb_7,redsport,further,car,True
8154-5d8b5091-2c29-4502-9719-1b295ff55c49_1,brown,further,car,True
8154-5d8b5091-2c29-4502-9719-1b295ff55c49_12,white,closer,car,True
8154-5d8b5091-2c29-4502-9719-1b295ff55c49_26,beetle,closer,car,True
8154-5d8b5091-2c29-4502-9719-1b295ff55c49_29,redsport,further,car,True
8154-5d8b5091-2c29-4502-9719-1b295ff55c49_4,hatchback,closer,car,True
8265-92081336-152b-4a90-bdb4-fea038f4c9b8_10,bluesport,further,car,True
8265-92081336-152b-4a90-bdb4-fea038f4c9b8_12,white,closer,car,True
8265-92081336-152b-4a90-bdb4-fea038f4c9b8_29,brown,further,car,True
8265-92081336-152b-4a90-bdb4-fea038f4c9b8_31,beetle,closer,car,True
8265-92081336-152b-4a90-bdb4-fea038f4c9b8_4,redantique,closer,car,True
8265-92081336-152b-4a90-bdb4-fea038f4c9b8_5,redsport,further,car,True
8297-39d66207-4fb6-430c-8e2b-4f95213b6a55_1,redsport,closer,car,False
8297-39d66207-4fb6-430c-8e2b-4f95213b6a55_10,white,further,car,True
8297-39d66207-4fb6-430c-8e2b-4f95213b6a55_2,redantique,closer,car,True
8297-39d66207-4fb6-430c-8e2b-4f95213b6a55_23,brown,closer,car,True
8297-39d66207-4fb6-430c-8e2b-4f95213b6a55_25,bluesedan,further,car,True
8297-39d66207-4fb6-430c-8e2b-4f95213b6a55_4,beetle,closer,car,True
8486-a0a44a5f-4eb9-4924-b2b6-247478e1ce8d_11,redantique,further,car,True
8486-a0a44a5f-4eb9-4924-b2b6-247478e1ce8d_31,redsport,closer,car,True
8486-a0a44a5f-4eb9-4924-b2b6-247478e1ce8d_32,bluesport,further,car,True
8486-a0a44a5f-4eb9-4924-b2b6-247478e1ce8d_4,hatchback,further,car,True
9229-923201c3-dd68-4362-8eec-77cb88a647c4_22,redantique,closer,car,True
9229-923201c3-dd68-4362-8eec-77cb88a647c4_3,hatchback,closer,car,False
9229-923201c3-dd68-4362-8eec-77cb88a647c4_4,brown,closer,car,True
9840-46b175c7-8715-49fe-99a6-0dae8776ef1b_1,beetle,further,car,True
9840-46b175c7-8715-49fe-99a6-0dae8776ef1b_10,white,closer,car,True
9840-46b175c7-8715-49fe-99a6-0dae8776ef1b_15,bluesedan,further,car,True
9840-46b175c7-8715-49fe-99a6-0dae8776ef1b_18,redsport,further,car,True
9840-46b175c7-8715-49fe-99a6-0dae8776ef1b_26,redantique,closer,car,True
9840-46b175c7-8715-49fe-99a6-0dae8776ef1b_5,bluesport,closer,car,True
9877-e1c91119-da46-40fa-82fe-17405ca56a3b_10,white,further,car,True
9877-e1c91119-da46-40fa-82fe-17405ca56a3b_13,bluesedan,closer,car,True
9877-e1c91119-da46-40fa-82fe-17405ca56a3b_16,hatchback,closer,car,True
9877-e1c91119-da46-40fa-82fe-17405ca56a3b_21,brown,closer,car,True
9877-e1c91119-da46-40fa-82fe-17405ca56a3b_31,bluesport,further,car,True
0647-bfcd78e5-085c-4631-a47c-0f3dadf71345_11,squat,further,chair,True
0647-bfcd78e5-085c-4631-a47c-0f3dadf71345_13,sling,further,chair,True
0647-bfcd78e5-085c-4631-a47c-0f3dadf71345_16,waiting,closer,chair,True
0647-bfcd78e5-085c-4631-a47c-0f3dadf71345_26,knob,closer,chair,True
0647-bfcd78e5-085c-4631-a47c-0f3dadf71345_28,straight,closer,chair,True
0647-bfcd78e5-085c-4631-a47c-0f3dadf71345_3,woven,further,chair,True
0647-bfcd78e5-085c-4631-a47c-0f3dadf71345_30,inlay,closer,chair,True
0834-74e58d84-5f2f-4ffd-8df3-e32076ea5aa1_13,waiting,closer,chair,True
0834-74e58d84-5f2f-4ffd-8df3-e32076ea5aa1_18,knob,further,chair,True
0834-74e58d84-5f2f-4ffd-8df3-e32076ea5aa1_30,straight,further,chair,True
0834-74e58d84-5f2f-4ffd-8df3-e32076ea5aa1_6,squat,further,chair,True
1233-33433bd3-d72b-4c2a-9ed0-3e83a80f8e94_1,sling,closer,chair,True
1233-33433bd3-d72b-4c2a-9ed0-3e83a80f8e94_12,leather,further,chair,True
1233-33433bd3-d72b-4c2a-9ed0-3e83a80f8e94_21,squat,further,chair,True
1233-33433bd3-d72b-4c2a-9ed0-3e83a80f8e94_23,inlay,closer,chair,True
1233-33433bd3-d72b-4c2a-9ed0-3e83a80f8e94_24,waiting,further,chair,True
1233-33433bd3-d72b-4c2a-9ed0-3e83a80f8e94_28,knob,closer,chair,True
1233-33433bd3-d72b-4c2a-9ed0-3e83a80f8e94_29,straight,further,chair,True
1233-33433bd3-d72b-4c2a-9ed0-3e83a80f8e94_31,woven,closer,chair,True
1593-3cebc49a-ef16-451d-a5a9-aad9b5ac4695_12,waiting,closer,chair,True
1593-3cebc49a-ef16-451d-a5a9-aad9b5ac4695_17,sling,closer,chair,True
1593-3cebc49a-ef16-451d-a5a9-aad9b5ac4695_24,straight,closer,chair,True
1593-3cebc49a-ef16-451d-a5a9-aad9b5ac4695_30,woven,further,chair,True
1593-3cebc49a-ef16-451d-a5a9-aad9b5ac4695_31,squat,closer,chair,True
1593-3cebc49a-ef16-451d-a5a9-aad9b5ac4695_5,inlay,further,chair,True
1682-6ebee481-ec2e-4624-a5d2-2e74803e940d_1,waiting,further,chair,True
1682-6ebee481-ec2e-4624-a5d2-2e74803e940d_11,leather,further,chair,True
1682-6ebee481-ec2e-4624-a5d2-2e74803e940d_19,woven,closer,chair,True
1682-6ebee481-ec2e-4624-a5d2-2e74803e940d_20,inlay,further,chair,True
1682-6ebee481-ec2e-4624-a5d2-2e74803e940d_21,knob,closer,chair,True
1682-6ebee481-ec2e-4624-a5d2-2e74803e940d_31,squat,closer,chair,True
1682-6ebee481-ec2e-4624-a5d2-2e74803e940d_8,sling,further,chair,True
1752-fba5d4af-f103-4e3a-b100-d479bb0a2d11_2,sling,further,chair,True
1752-fba5d4af-f103-4e3a-b100-d479bb0a2d11_21,inlay,closer,chair,True
1752-fba5d4af-f103-4e3a-b100-d479bb0a2d11_23,woven,closer,chair,True
1752-fba5d4af-f103-4e3a-b100-d479bb0a2d11_32,knob,further,chair,True
1752-fba5d4af-f103-4e3a-b100-d479bb0a2d11_7,straight,closer,chair,True
1970-1377644d-0742-4343-ae91-737a5b0fbd1f_17,knob,closer,chair,True
1970-1377644d-0742-4343-ae91-737a5b0fbd1f_19,waiting,further,chair,True
1970-1377644d-0742-4343-ae91-737a5b0fbd1f_20,woven,closer,chair,True
1970-1377644d-0742-4343-ae91-737a5b0fbd1f_23,inlay,further,chair,True
1970-1377644d-0742-4343-ae91-737a5b0fbd1f_26,straight,further,chair,True
1970-1377644d-0742-4343-ae91-737a5b0fbd1f_27,sling,closer,chair,True
1970-1377644d-0742-4343-ae91-737a5b0fbd1f_4,leather,further,chair,True
1970-1377644d-0742-4343-ae91-737a5b0fbd1f_8,squat,closer,chair,True
2121-a3dd33f4-82fc-4913-991c-1d372f6923f0_16,woven,closer,chair,True
2121-a3dd33f4-82fc-4913-991c-1d372f6923f0_17,inlay,further,chair,True
2121-a3dd33f4-82fc-4913-991c-1d372f6923f0_19,straight,further,chair,True
2121-a3dd33f4-82fc-4913-991c-1d372f6923f0_23,waiting,further,chair,True
2121-a3dd33f4-82fc-4913-991c-1d372f6923f0_32,squat,further,chair,True
2121-a3dd33f4-82fc-4913-991c-1d372f6923f0_4,knob,closer,chair,True
2137-5eb24312-af96-43dc-bb4b-76ac0d817ede_11,straight,further,chair,True
2137-5eb24312-af96-43dc-bb4b-76ac0d817ede_18,waiting,further,chair,True
2137-5eb24312-af96-43dc-bb4b-76ac0d817ede_2,sling,further,chair,True
2137-5eb24312-af96-43dc-bb4b-76ac0d817ede_30,leather,closer,chair,True
2137-5eb24312-af96-43dc-bb4b-76ac0d817ede_31,squat,further,chair,True
2137-5eb24312-af96-43dc-bb4b-76ac0d817ede_5,inlay,closer,chair,True
2216-946e1652-c7ea-4dc7-8829-129c7cc55176_17,knob,closer,chair,True
2216-946e1652-c7ea-4dc7-8829-129c7cc55176_18,sling,further,chair,True
2216-946e1652-c7ea-4dc7-8829-129c7cc55176_19,inlay,further,chair,True
2216-946e1652-c7ea-4dc7-8829-129c7cc55176_24,waiting,closer,chair,True
2216-946e1652-c7ea-4dc7-8829-129c7cc55176_26,straight,further,chair,True
2216-946e1652-c7ea-4dc7-8829-129c7cc55176_7,squat,closer,chair,True
2323-a9c585ff-0096-4f9c-8be4-e202993c654f_25,sling,further,chair,True
2323-a9c585ff-0096-4f9c-8be4-e202993c654f_27,woven,closer,chair,True
2323-a9c585ff-0096-4f9c-8be4-e202993c654f_29,squat,closer,chair,True
2323-a9c585ff-0096-4f9c-8be4-e202993c654f_3,knob,further,chair,True
2323-a9c585ff-0096-4f9c-8be4-e202993c654f_32,inlay,further,chair,True
2323-a9c585ff-0096-4f9c-8be4-e202993c654f_7,waiting,closer,chair,True
2611-14794729-06be-4093-aac5-8a631b1fa894_14,waiting,further,chair,True
2611-14794729-06be-4093-aac5-8a631b1fa894_19,squat,closer,chair,True
2611-14794729-06be-4093-aac5-8a631b1fa894_26,woven,closer,chair,True
2611-14794729-06be-4093-aac5-8a631b1fa894_31,leather,further,chair,True
2611-14794729-06be-4093-aac5-8a631b1fa894_32,knob,closer,chair,True
2611-14794729-06be-4093-aac5-8a631b1fa894_6,straight,further,chair,True
2611-14794729-06be-4093-aac5-8a631b1fa894_7,inlay,further,chair,True
2721-f28245be-a3ac-425e-9538-5c0803980807_12,waiting,closer,chair,True
2721-f28245be-a3ac-425e-9538-5c0803980807_16,leather,further,chair,True
2721-f28245be-a3ac-425e-9538-5c0803980807_22,woven,further,chair,True
2721-f28245be-a3ac-425e-9538-5c0803980807_24,sling,closer,chair,True
2721-f28245be-a3ac-425e-9538-5c0803980807_8,inlay,closer,chair,True
3058-fb4fe740-d862-453b-a08f-44375a040165_11,leather,further,chair,True
3058-fb4fe740-d862-453b-a08f-44375a040165_25,waiting,further,chair,True
3058-fb4fe740-d862-453b-a08f-44375a040165_27,inlay,further,chair,True
3058-fb4fe740-d862-453b-a08f-44375a040165_29,straight,further,chair,True
3058-fb4fe740-d862-453b-a08f-44375a040165_3,woven,closer,chair,True
3058-fb4fe740-d862-453b-a08f-44375a040165_30,sling,closer,chair,True
3058-fb4fe740-d862-453b-a08f-44375a040165_31,knob,closer,chair,True
3113-105e6653-7fd1-4451-af00-46bb3145880a_13,leather,closer,chair,True
3113-105e6653-7fd1-4451-af00-46bb3145880a_17,straight,further,chair,True
3113-105e6653-7fd1-4451-af00-46bb3145880a_20,waiting,further,chair,True
3113-105e6653-7fd1-4451-af00-46bb3145880a_25,squat,further,chair,True
3113-105e6653-7fd1-4451-af00-46bb3145880a_32,sling,closer,chair,True
3113-105e6653-7fd1-4451-af00-46bb3145880a_9,inlay,closer,chair,True
3169-1a552a49-44e5-4a78-bed6-72a6aca82625_14,waiting,closer,chair,True
3169-1a552a49-44e5-4a78-bed6-72a6aca82625_15,sling,closer,chair,True
3169-1a552a49-44e5-4a78-bed6-72a6aca82625_21,inlay,further,chair,True
3169-1a552a49-44e5-4a78-bed6-72a6aca82625_26,woven,further,chair,True
3169-1a552a49-44e5-4a78-bed6-72a6aca82625_3,knob,closer,chair,True
3169-1a552a49-44e5-4a78-bed6-72a6aca82625_5,straight,further,chair,True
3257-2f4b83dc-a618-4194-a666-67e8a3f5539d_1,inlay,closer,chair,True
3257-2f4b83dc-a618-4194-a666-67e8a3f5539d_17,leather,closer,chair,True
3257-2f4b83dc-a618-4194-a666-67e8a3f5539d_20,knob,closer,chair,True
3257-2f4b83dc-a618-4194-a666-67e8a3f5539d_32,woven,further,chair,True
3485-477008c1-e529-4ad0-a62b-df33c782a5e3_1,sling,further,chair,True
3485-477008c1-e529-4ad0-a62b-df33c782a5e3_10,inlay,closer,chair,True
3485-477008c1-e529-4ad0-a62b-df33c782a5e3_19,straight,closer,chair,True
3485-477008c1-e529-4ad0-a62b-df33c782a5e3_20,waiting,closer,chair,True
3485-477008c1-e529-4ad0-a62b-df33c782a5e3_4,leather,further,chair,True
3741-3d676fa8-13ae-4785-8a62-7cc820eaccb0_3,squat,further,chair,True
3741-3d676fa8-13ae-4785-8a62-7cc820eaccb0_4,knob,further,chair,True
3741-3d676fa8-13ae-4785-8a62-7cc820eaccb0_8,woven,closer,chair,True
3956-be947e80-531d-42ce-b238-e0b3bd997edf_14,straight,closer,chair,True
3956-be947e80-531d-42ce-b238-e0b3bd997edf_21,woven,further,chair,True
3956-be947e80-531d-42ce-b238-e0b3bd997edf_23,knob,further,chair,True
3956-be947e80-531d-42ce-b238-e0b3bd997edf_25,leather,further,chair,True
3956-be947e80-531d-42ce-b238-e0b3bd997edf_3,inlay,further,chair,True
3956-be947e80-531d-42ce-b238-e0b3bd997edf_4,squat,closer,chair,True
4088-45a9d4bd-2ce2-4404-8743-5d9a30dc38e2_15,straight,further,chair,True
4088-45a9d4bd-2ce2-4404-8743-5d9a30dc38e2_2,waiting,further,chair,True
4088-45a9d4bd-2ce2-4404-8743-5d9a30dc38e2_3,woven,closer,chair,True
4088-45a9d4bd-2ce2-4404-8743-5d9a30dc38e2_31,sling,closer,chair,True
4088-45a9d4bd-2ce2-4404-8743-5d9a30dc38e2_6,knob,further,chair,True
4409-c993cc06-d675-4acb-881f-b5377cf24d71_18,squat,further,chair,True
4409-c993cc06-d675-4acb-881f-b5377cf24d71_2,woven,closer,chair,True
4409-c993cc06-d675-4acb-881f-b5377cf24d71_25,knob,closer,chair,True
4409-c993cc06-d675-4acb-881f-b5377cf24d71_32,inlay,further,chair,True
4409-c993cc06-d675-4acb-881f-b5377cf24d71_5,leather,closer,chair,True
4409-c993cc06-d675-4acb-881f-b5377cf24d71_7,sling,closer,chair,True
4409-c993cc06-d675-4acb-881f-b5377cf24d71_8,straight,further,chair,True
4609-852cfd4d-44d8-42fc-9c7c-8460ce918f16_10,inlay,closer,chair,True
4609-852cfd4d-44d8-42fc-9c7c-8460ce918f16_14,knob,closer,chair,True
4609-852cfd4d-44d8-42fc-9c7c-8460ce918f16_17,straight,further,chair,True
4609-852cfd4d-44d8-42fc-9c7c-8460ce918f16_18,leather,further,chair,True
4609-852cfd4d-44d8-42fc-9c7c-8460ce918f16_19,woven,further,chair,True
4609-852cfd4d-44d8-42fc-9c7c-8460ce918f16_23,squat,further,chair,True
4609-852cfd4d-44d8-42fc-9c7c-8460ce918f16_28,waiting,closer,chair,True
4609-852cfd4d-44d8-42fc-9c7c-8460ce918f16_3,sling,closer,chair,True
5325-5c1c06e3-3674-4ae6-add2-d188a9a7c4b5_1,sling,closer,chair,True
5325-5c1c06e3-3674-4ae6-add2-d188a9a7c4b5_12,waiting,further,chair,True
5325-5c1c06e3-3674-4ae6-add2-d188a9a7c4b5_14,leather,closer,chair,True
5325-5c1c06e3-3674-4ae6-add2-d188a9a7c4b5_20,squat,closer,chair,True
5325-5c1c06e3-3674-4ae6-add2-d188a9a7c4b5_23,inlay,further,chair,True
5650-cb4a9e85-a383-43f6-83e6-331e286811d1_11,knob,closer,chair,True
5650-cb4a9e85-a383-43f6-83e6-331e286811d1_20,inlay,closer,chair,True
5650-cb4a9e85-a383-43f6-83e6-331e286811d1_21,leather,closer,chair,True
5650-cb4a9e85-a383-43f6-83e6-331e286811d1_22,woven,further,chair,True
5650-cb4a9e85-a383-43f6-83e6-331e286811d1_25,waiting,further,chair,True
5650-cb4a9e85-a383-43f6-83e6-331e286811d1_8,sling,further,chair,True
5708-fd15d921-aa1b-46e4-ad51-e0c743c2db0d_12,waiting,closer,chair,True
5708-fd15d921-aa1b-46e4-ad51-e0c743c2db0d_14,woven,closer,chair,True
5708-fd15d921-aa1b-46e4-ad51-e0c743c2db0d_17,sling,further,chair,True
5708-fd15d921-aa1b-46e4-ad51-e0c743c2db0d_22,squat,further,chair,True
5708-fd15d921-aa1b-46e4-ad51-e0c743c2db0d_26,straight,further,chair,True
5708-fd15d921-aa1b-46e4-ad51-e0c743c2db0d_6,inlay,closer,chair,True
6224-40ab6004-b7c1-4d1d-a308-a061099290fc_1,straight,closer,chair,True
6224-40ab6004-b7c1-4d1d-a308-a061099290fc_16,leather,further,chair,True
6224-40ab6004-b7c1-4d1d-a308-a061099290fc_18,sling,further,chair,True
6224-40ab6004-b7c1-4d1d-a308-a061099290fc_24,waiting,closer,chair,True
6224-40ab6004-b7c1-4d1d-a308-a061099290fc_25,woven,further,chair,True
6224-40ab6004-b7c1-4d1d-a308-a061099290fc_26,squat,closer,chair,True
6224-40ab6004-b7c1-4d1d-a308-a061099290fc_27,inlay,closer,chair,True
6224-40ab6004-b7c1-4d1d-a308-a061099290fc_4,knob,further,chair,True
6311-cd21a68a-f1df-4290-b744-b0c7c7c60ed8_11,inlay,closer,chair,True
6311-cd21a68a-f1df-4290-b744-b0c7c7c60ed8_13,squat,further,chair,True
6311-cd21a68a-f1df-4290-b744-b0c7c7c60ed8_14,sling,further,chair,True
6311-cd21a68a-f1df-4290-b744-b0c7c7c60ed8_21,waiting,closer,chair,True
6311-cd21a68a-f1df-4290-b744-b0c7c7c60ed8_27,knob,further,chair,True
6311-cd21a68a-f1df-4290-b744-b0c7c7c60ed8_29,straight,closer,chair,True
6311-cd21a68a-f1df-4290-b744-b0c7c7c60ed8_3,woven,further,chair,True
6486-e7055f99-5fec-4fb7-a7fd-7ebf49ba594f_1,squat,closer,chair,True
6486-e7055f99-5fec-4fb7-a7fd-7ebf49ba594f_3,straight,further,chair,True
6486-e7055f99-5fec-4fb7-a7fd-7ebf49ba594f_5,sling,further,chair,True
6786-9c3169eb-962e-468b-8922-b99247975eb2_18,leather,further,chair,True
6786-9c3169eb-962e-468b-8922-b99247975eb2_20,woven,further,chair,True
6786-9c3169eb-962e-468b-8922-b99247975eb2_25,squat,further,chair,True
6786-9c3169eb-962e-468b-8922-b99247975eb2_29,sling,closer,chair,True
6786-9c3169eb-962e-468b-8922-b99247975eb2_5,waiting,further,chair,True
7106-d5bbcf75-2894-4656-b1bd-19e73abf8a17_1,straight,further,chair,True
7106-d5bbcf75-2894-4656-b1bd-19e73abf8a17_15,woven,further,chair,True
7106-d5bbcf75-2894-4656-b1bd-19e73abf8a17_4,leather,further,chair,True
7285-f99d9991-de84-43cc-b359-e9de387ab0b5_10,woven,closer,chair,True
7285-f99d9991-de84-43cc-b359-e9de387ab0b5_2,waiting,closer,chair,True
7285-f99d9991-de84-43cc-b359-e9de387ab0b5_23,straight,further,chair,True
7285-f99d9991-de84-43cc-b359-e9de387ab0b5_3,knob,further,chair,True
7285-f99d9991-de84-43cc-b359-e9de387ab0b5_31,leather,further,chair,True
7285-f99d9991-de84-43cc-b359-e9de387ab0b5_8,squat,further,chair,True
7285-f99d9991-de84-43cc-b359-e9de387ab0b5_9,inlay,closer,chair,True
7988-85f09ac5-8225-48f3-9367-e890cdbb4ffb_16,waiting,closer,chair,True
7988-85f09ac5-8225-48f3-9367-e890cdbb4ffb_22,leather,further,chair,True
7988-85f09ac5-8225-48f3-9367-e890cdbb4ffb_25,straight,further,chair,True
7988-85f09ac5-8225-48f3-9367-e890cdbb4ffb_26,knob,further,chair,True
7988-85f09ac5-8225-48f3-9367-e890cdbb4ffb_6,inlay,closer,chair,True
7988-85f09ac5-8225-48f3-9367-e890cdbb4ffb_9,woven,closer,chair,True
8154-5d8b5091-2c29-4502-9719-1b295ff55c49_15,knob,closer,chair,True
8154-5d8b5091-2c29-4502-9719-1b295ff55c49_2,waiting,closer,chair,True
8154-5d8b5091-2c29-4502-9719-1b295ff55c49_22,sling,further,chair,True
8154-5d8b5091-2c29-4502-9719-1b295ff55c49_24,straight,further,chair,True
8154-5d8b5091-2c29-4502-9719-1b295ff55c49_9,inlay,further,chair,True
8265-92081336-152b-4a90-bdb4-fea038f4c9b8_13,woven,closer,chair,True
8265-92081336-152b-4a90-bdb4-fea038f4c9b8_25,straight,further,chair,True
8265-92081336-152b-4a90-bdb4-fea038f4c9b8_3,waiting,further,chair,True
8265-92081336-152b-4a90-bdb4-fea038f4c9b8_30,sling,further,chair,True
8297-39d66207-4fb6-430c-8e2b-4f95213b6a55_15,knob,further,chair,True
8297-39d66207-4fb6-430c-8e2b-4f95213b6a55_18,straight,closer,chair,True
8297-39d66207-4fb6-430c-8e2b-4f95213b6a55_3,sling,further,chair,True
8297-39d66207-4fb6-430c-8e2b-4f95213b6a55_32,squat,closer,chair,True
8297-39d66207-4fb6-430c-8e2b-4f95213b6a55_5,inlay,closer,chair,True
8297-39d66207-4fb6-430c-8e2b-4f95213b6a55_9,woven,further,chair,True
8486-a0a44a5f-4eb9-4924-b2b6-247478e1ce8d_1,leather,closer,chair,True
8486-a0a44a5f-4eb9-4924-b2b6-247478e1ce8d_15,squat,closer,chair,True
8486-a0a44a5f-4eb9-4924-b2b6-247478e1ce8d_2,woven,further,chair,True
8486-a0a44a5f-4eb9-4924-b2b6-247478e1ce8d_20,sling,further,chair,True
8486-a0a44a5f-4eb9-4924-b2b6-247478e1ce8d_24,waiting,further,chair,True
8486-a0a44a5f-4eb9-4924-b2b6-247478e1ce8d_5,knob,closer,chair,True
8486-a0a44a5f-4eb9-4924-b2b6-247478e1ce8d_6,straight,further,chair,True
9229-923201c3-dd68-4362-8eec-77cb88a647c4_12,leather,closer,chair,True
9229-923201c3-dd68-4362-8eec-77cb88a647c4_15,inlay,further,chair,True
9229-923201c3-dd68-4362-8eec-77cb88a647c4_2,straight,closer,chair,True
9229-923201c3-dd68-4362-8eec-77cb88a647c4_20,knob,further,chair,True
9229-923201c3-dd68-4362-8eec-77cb88a647c4_23,woven,closer,chair,True
9229-923201c3-dd68-4362-8eec-77cb88a647c4_6,waiting,further,chair,True
9229-923201c3-dd68-4362-8eec-77cb88a647c4_7,sling,further,chair,True
9840-46b175c7-8715-49fe-99a6-0dae8776ef1b_13,inlay,closer,chair,True
9840-46b175c7-8715-49fe-99a6-0dae8776ef1b_16,waiting,further,chair,True
9840-46b175c7-8715-49fe-99a6-0dae8776ef1b_20,squat,further,chair,True
9840-46b175c7-8715-49fe-99a6-0dae8776ef1b_3,knob,closer,chair,True
9840-46b175c7-8715-49fe-99a6-0dae8776ef1b_8,straight,further,chair,True
9877-e1c91119-da46-40fa-82fe-17405ca56a3b_19,straight,closer,chair,True
9877-e1c91119-da46-40fa-82fe-17405ca56a3b_2,inlay,further,chair,True
9877-e1c91119-da46-40fa-82fe-17405ca56a3b_25,woven,further,chair,True
9877-e1c91119-da46-40fa-82fe-17405ca56a3b_3,squat,further,chair,True
9877-e1c91119-da46-40fa-82fe-17405ca56a3b_4,sling,further,chair,True
0647-bfcd78e5-085c-4631-a47c-0f3dadf71345_10,chihuahua,further,dog,True
0647-bfcd78e5-085c-4631-a47c-0f3dadf71345_20,basset,closer,dog,True
0647-bfcd78e5-085c-4631-a47c-0f3dadf71345_5,doberman,further,dog,True
0647-bfcd78e5-085c-4631-a47c-0f3dadf71345_6,pug,further,dog,True
0834-74e58d84-5f2f-4ffd-8df3-e32076ea5aa1_10,doberman,further,dog,True
0834-74e58d84-5f2f-4ffd-8df3-e32076ea5aa1_14,goldenretriever,closer,dog,True
0834-74e58d84-5f2f-4ffd-8df3-e32076ea5aa1_21,weimaraner,further,dog,True
0834-74e58d84-5f2f-4ffd-8df3-e32076ea5aa1_28,bloodhound,closer,dog,False
0834-74e58d84-5f2f-4ffd-8df3-e32076ea5aa1_32,basset,closer,dog,True
0834-74e58d84-5f2f-4ffd-8df3-e32076ea5aa1_8,bullmastiff,further,dog,True
0834-74e58d84-5f2f-4ffd-8df3-e32076ea5aa1_9,chihuahua,closer,dog,True
1233-33433bd3-d72b-4c2a-9ed0-3e83a80f8e94_17,chihuahua,further,dog,True
1233-33433bd3-d72b-4c2a-9ed0-3e83a80f8e94_2,weimaraner,closer,dog,True
1233-33433bd3-d72b-4c2a-9ed0-3e83a80f8e94_22,bullmastiff,closer,dog,True
1233-33433bd3-d72b-4c2a-9ed0-3e83a80f8e94_3,pug,further,dog,True
1593-3cebc49a-ef16-451d-a5a9-aad9b5ac4695_15,weimaraner,closer,dog,True
1593-3cebc49a-ef16-451d-a5a9-aad9b5ac4695_2,basset,further,dog,True
1593-3cebc49a-ef16-451d-a5a9-aad9b5ac4695_32,goldenretriever,closer,dog,True
1593-3cebc49a-ef16-451d-a5a9-aad9b5ac4695_4,doberman,closer,dog,True
1682-6ebee481-ec2e-4624-a5d2-2e74803e940d_12,weimaraner,closer,dog,True
1682-6ebee481-ec2e-4624-a5d2-2e74803e940d_2,bullmastiff,further,dog,True
1682-6ebee481-ec2e-4624-a5d2-2e74803e940d_22,basset,further,dog,True
1682-6ebee481-ec2e-4624-a5d2-2e74803e940d_25,goldenretriever,closer,dog,True
1752-fba5d4af-f103-4e3a-b100-d479bb0a2d11_17,chihuahua,further,dog,True
1752-fba5d4af-f103-4e3a-b100-d479bb0a2d11_22,bullmastiff,closer,dog,True
1752-fba5d4af-f103-4e3a-b100-d479bb0a2d11_25,basset,further,dog,True
1752-fba5d4af-f103-4e3a-b100-d479bb0a2d11_27,weimaraner,closer,dog,True
1752-fba5d4af-f103-4e3a-b100-d479bb0a2d11_29,doberman,further,dog,True
1752-fba5d4af-f103-4e3a-b100-d479bb0a2d11_3,goldenretriever,further,dog,True
1970-1377644d-0742-4343-ae91-737a5b0fbd1f_15,chihuahua,closer,dog,False
1970-1377644d-0742-4343-ae91-737a5b0fbd1f_21,basset,further,dog,True
1970-1377644d-0742-4343-ae91-737a5b0fbd1f_25,pug,further,dog,True
1970-1377644d-0742-4343-ae91-737a5b0fbd1f_5,goldenretriever,closer,dog,True
1970-1377644d-0742-4343-ae91-737a5b0fbd1f_7,weimaraner,further,dog,True
2121-a3dd33f4-82fc-4913-991c-1d372f6923f0_24,pug,further,dog,True
2121-a3dd33f4-82fc-4913-991c-1d372f6923f0_5,basset,further,dog,True
2137-5eb24312-af96-43dc-bb4b-76ac0d817ede_10,bloodhound,further,dog,True
2137-5eb24312-af96-43dc-bb4b-76ac0d817ede_13,bullmastiff,further,dog,True
2137-5eb24312-af96-43dc-bb4b-76ac0d817ede_15,pug,closer,dog,True
2137-5eb24312-af96-43dc-bb4b-76ac0d817ede_16,weimaraner,closer,dog,True
2137-5eb24312-af96-43dc-bb4b-76ac0d817ede_20,basset,closer,dog,True
2137-5eb24312-af96-43dc-bb4b-76ac0d817ede_24,goldenretriever,further,dog,True
2137-5eb24312-af96-43dc-bb4b-76ac0d817ede_4,doberman,closer,dog,True
2137-5eb24312-af96-43dc-bb4b-76ac0d817ede_9,chihuahua,further,dog,True
2216-946e1652-c7ea-4dc7-8829-129c7cc55176_14,pug,further,dog,True
2216-946e1652-c7ea-4dc7-8829-129c7cc55176_2,chihuahua,further,dog,True
2216-946e1652-c7ea-4dc7-8829-129c7cc55176_27,goldenretriever,further,dog,True
2216-946e1652-c7ea-4dc7-8829-129c7cc55176_29,weimaraner,closer,dog,True
2216-946e1652-c7ea-4dc7-8829-129c7cc55176_31,bloodhound,further,dog,True
2216-946e1652-c7ea-4dc7-8829-129c7cc55176_32,basset,closer,dog,True
2323-a9c585ff-0096-4f9c-8be4-e202993c654f_11,weimaraner,further,dog,True
2323-a9c585ff-0096-4f9c-8be4-e202993c654f_14,bloodhound,further,dog,True
2323-a9c585ff-0096-4f9c-8be4-e202993c654f_15,basset,further,dog,True
2323-a9c585ff-0096-4f9c-8be4-e202993c654f_2,chihuahua,further,dog,True
2323-a9c585ff-0096-4f9c-8be4-e202993c654f_22,goldenretriever,closer,dog,True
2323-a9c585ff-0096-4f9c-8be4-e202993c654f_24,pug,closer,dog,False
2611-14794729-06be-4093-aac5-8a631b1fa894_10,goldenretriever,further,dog,True
2611-14794729-06be-4093-aac5-8a631b1fa894_13,weimaraner,further,dog,True
2611-14794729-06be-4093-aac5-8a631b1fa894_24,bullmastiff,closer,dog,True
2611-14794729-06be-4093-aac5-8a631b1fa894_5,pug,closer,dog,True
2611-14794729-06be-4093-aac5-8a631b1fa894_9,basset,further,dog,True
2721-f28245be-a3ac-425e-9538-5c0803980807_10,pug,further,dog,True
2721-f28245be-a3ac-425e-9538-5c0803980807_17,weimaraner,further,dog,True
2721-f28245be-a3ac-425e-9538-5c0803980807_2,chihuahua,further,dog,True
2721-f28245be-a3ac-425e-9538-5c0803980807_21,goldenretriever,closer,dog,True
2721-f28245be-a3ac-425e-9538-5c0803980807_25,basset,further,dog,True
2721-f28245be-a3ac-425e-9538-5c0803980807_26,bloodhound,closer,dog,True
2721-f28245be-a3ac-425e-9538-5c0803980807_3,doberman,closer,dog,True
2721-f28245be-a3ac-425e-9538-5c0803980807_30,bullmastiff,closer,dog,True
3058-fb4fe740-d862-453b-a08f-44375a040165_12,pug,further,dog,True
3058-fb4fe740-d862-453b-a08f-44375a040165_19,basset,closer,dog,True
3058-fb4fe740-d862-453b-a08f-44375a040165_24,doberman,closer,dog,True
3058-fb4fe740-d862-453b-a08f-44375a040165_4,weimaraner,closer,dog,True
3058-fb4fe740-d862-453b-a08f-44375a040165_6,chihuahua,further,dog,True
3058-fb4fe740-d862-453b-a08f-44375a040165_8,bullmastiff,further,dog,True
3058-fb4fe740-d862-453b-a08f-44375a040165_9,bloodhound,further,dog,True
3113-105e6653-7fd1-4451-af00-46bb3145880a_22,doberman,further,dog,True
3113-105e6653-7fd1-4451-af00-46bb3145880a_24,chihuahua,closer,dog,True
3113-105e6653-7fd1-4451-af00-46bb3145880a_4,weimaraner,closer,dog,False
3113-105e6653-7fd1-4451-af00-46bb3145880a_6,bullmastiff,further,dog,True
3113-105e6653-7fd1-4451-af00-46bb3145880a_7,basset,further,dog,True
3113-105e6653-7fd1-4451-af00-46bb3145880a_8,pug,further,dog,True
3169-1a552a49-44e5-4a78-bed6-72a6aca82625_12,basset,further,dog,True
3169-1a552a49-44e5-4a78-bed6-72a6aca82625_13,bloodhound,further,dog,True
3169-1a552a49-44e5-4a78-bed6-72a6aca82625_16,pug,closer,dog,True
3169-1a552a49-44e5-4a78-bed6-72a6aca82625_2,bullmastiff,closer,dog,True
3169-1a552a49-44e5-4a78-bed6-72a6aca82625_29,chihuahua,closer,dog,True
3169-1a552a49-44e5-4a78-bed6-72a6aca82625_31,weimaraner,further,dog,True
3169-1a552a49-44e5-4a78-bed6-72a6aca82625_9,goldenretriever,further,dog,True
3257-2f4b83dc-a618-4194-a666-67e8a3f5539d_11,bloodhound,further,dog,True
3257-2f4b83dc-a618-4194-a666-67e8a3f5539d_16,goldenretriever,closer,dog,True
3257-2f4b83dc-a618-4194-a666-67e8a3f5539d_21,basset,closer,dog,True
3257-2f4b83dc-a618-4194-a666-67e8a3f5539d_25,bullmastiff,closer,dog,True
3257-2f4b83dc-a618-4194-a666-67e8a3f5539d_26,chihuahua,further,dog,True
3485-477008c1-e529-4ad0-a62b-df33c782a5e3_14,chihuahua,closer,dog,False
3485-477008c1-e529-4ad0-a62b-df33c782a5e3_16,basset,further,dog,True
3485-477008c1-e529-4ad0-a62b-df33c782a5e3_27,weimaraner,further,dog,True
3485-477008c1-e529-4ad0-a62b-df33c782a5e3_29,bullmastiff,further,dog,True
3485-477008c1-e529-4ad0-a62b-df33c782a5e3_3,goldenretriever,further,dog,True
3485-477008c1-e529-4ad0-a62b-df33c782a5e3_31,bloodhound,closer,dog,True
3485-477008c1-e529-4ad0-a62b-df33c782a5e3_9,pug,closer,dog,True
3741-3d676fa8-13ae-4785-8a62-7cc820eaccb0_13,goldenretriever,closer,dog,True
3741-3d676fa8-13ae-4785-8a62-7cc820eaccb0_19,basset,further,dog,True
3741-3d676fa8-13ae-4785-8a62-7cc820eaccb0_2,pug,further,dog,True
3741-3d676fa8-13ae-4785-8a62-7cc820eaccb0_25,bullmastiff,closer,dog,True
3741-3d676fa8-13ae-4785-8a62-7cc820eaccb0_29,weimaraner,further,dog,True
3956-be947e80-531d-42ce-b238-e0b3bd997edf_10,doberman,further,dog,True
3956-be947e80-531d-42ce-b238-e0b3bd997edf_11,pug,closer,dog,True
3956-be947e80-531d-42ce-b238-e0b3bd997edf_15,bullmastiff,closer,dog,True
3956-be947e80-531d-42ce-b238-e0b3bd997edf_31,bloodhound,closer,dog,True
3956-be947e80-531d-42ce-b238-e0b3bd997edf_6,basset,further,dog,True
4088-45a9d4bd-2ce2-4404-8743-5d9a30dc38e2_20,weimaraner,closer,dog,True
4088-45a9d4bd-2ce2-4404-8743-5d9a30dc38e2_21,pug,closer,dog,True
4088-45a9d4bd-2ce2-4404-8743-5d9a30dc38e2_26,chihuahua,further,dog,True
4088-45a9d4bd-2ce2-4404-8743-5d9a30dc38e2_29,bullmastiff,further,dog,True
4088-45a9d4bd-2ce2-4404-8743-5d9a30dc38e2_5,bloodhound,further,dog,True
4409-c993cc06-d675-4acb-881f-b5377cf24d71_1,goldenretriever,closer,dog,True
4409-c993cc06-d675-4acb-881f-b5377cf24d71_20,weimaraner,closer,dog,True
4409-c993cc06-d675-4acb-881f-b5377cf24d71_24,pug,closer,dog,False
4409-c993cc06-d675-4acb-881f-b5377cf24d71_28,bullmastiff,further,dog,True
4409-c993cc06-d675-4acb-881f-b5377cf24d71_3,chihuahua,further,dog,True
4409-c993cc06-d675-4acb-881f-b5377cf24d71_6,basset,further,dog,True
4609-852cfd4d-44d8-42fc-9c7c-8460ce918f16_11,chihuahua,closer,dog,True
4609-852cfd4d-44d8-42fc-9c7c-8460ce918f16_2,doberman,further,dog,True
4609-852cfd4d-44d8-42fc-9c7c-8460ce918f16_32,weimaraner,further,dog,True
4609-852cfd4d-44d8-42fc-9c7c-8460ce918f16_5,bullmastiff,closer,dog,False
5325-5c1c06e3-3674-4ae6-add2-d188a9a7c4b5_10,pug,further,dog,True
5325-5c1c06e3-3674-4ae6-add2-d188a9a7c4b5_13,bullmastiff,closer,dog,True
5325-5c1c06e3-3674-4ae6-add2-d188a9a7c4b5_15,doberman,further,dog,True
5325-5c1c06e3-3674-4ae6-add2-d188a9a7c4b5_24,goldenretriever,closer,dog,True
5325-5c1c06e3-3674-4ae6-add2-d188a9a7c4b5_28,weimaraner,further,dog,True
5650-cb4a9e85-a383-43f6-83e6-331e286811d1_1,goldenretriever,closer,dog,False
5650-cb4a9e85-a383-43f6-83e6-331e286811d1_18,chihuahua,closer,dog,True
5650-cb4a9e85-a383-43f6-83e6-331e286811d1_28,weimaraner,further,dog,True
5650-cb4a9e85-a383-43f6-83e6-331e286811d1_29,doberman,further,dog,True
5650-cb4a9e85-a383-43f6-83e6-331e286811d1_6,pug,closer,dog,True
5708-fd15d921-aa1b-46e4-ad51-e0c743c2db0d_2,goldenretriever,closer,dog,True
5708-fd15d921-aa1b-46e4-ad51-e0c743c2db0d_27,chihuahua,closer,dog,True
6224-40ab6004-b7c1-4d1d-a308-a061099290fc_11,weimaraner,closer,dog,True
6224-40ab6004-b7c1-4d1d-a308-a061099290fc_2,pug,closer,dog,True
6224-40ab6004-b7c1-4d1d-a308-a061099290fc_29,goldenretriever,further,dog,True
6224-40ab6004-b7c1-4d1d-a308-a061099290fc_30,basset,further,dog,True
6311-cd21a68a-f1df-4290-b744-b0c7c7c60ed8_15,doberman,further,dog,True
6311-cd21a68a-f1df-4290-b744-b0c7c7c60ed8_2,chihuahua,closer,dog,True
6311-cd21a68a-f1df-4290-b744-b0c7c7c60ed8_20,bloodhound,further,dog,True
6311-cd21a68a-f1df-4290-b744-b0c7c7c60ed8_31,bullmastiff,closer,dog,True
6311-cd21a68a-f1df-4290-b744-b0c7c7c60ed8_4,basset,further,dog,True
6486-e7055f99-5fec-4fb7-a7fd-7ebf49ba594f_12,bloodhound,closer,dog,True
6486-e7055f99-5fec-4fb7-a7fd-7ebf49ba594f_17,chihuahua,further,dog,True
6486-e7055f99-5fec-4fb7-a7fd-7ebf49ba594f_18,bullmastiff,further,dog,True
6486-e7055f99-5fec-4fb7-a7fd-7ebf49ba594f_31,weimaraner,closer,dog,True
6486-e7055f99-5fec-4fb7-a7fd-7ebf49ba594f_4,goldenretriever,closer,dog,False
6786-9c3169eb-962e-468b-8922-b99247975eb2_14,weimaraner,further,dog,True
6786-9c3169eb-962e-468b-8922-b99247975eb2_15,pug,further,dog,True
6786-9c3169eb-962e-468b-8922-b99247975eb2_22,chihuahua,further,dog,True
6786-9c3169eb-962e-468b-8922-b99247975eb2_24,bullmastiff,closer,dog,False
7106-d5bbcf75-2894-4656-b1bd-19e73abf8a17_12,weimaraner,further,dog,True
7106-d5bbcf75-2894-4656-b1bd-19e73abf8a17_19,bloodhound,further,dog,True
7106-d5bbcf75-2894-4656-b1bd-19e73abf8a17_3,bullmastiff,further,dog,True
7285-f99d9991-de84-43cc-b359-e9de387ab0b5_1,pug,further,dog,True
7285-f99d9991-de84-43cc-b359-e9de387ab0b5_29,doberman,closer,dog,True
7285-f99d9991-de84-43cc-b359-e9de387ab0b5_5,chihuahua,closer,dog,True
7285-f99d9991-de84-43cc-b359-e9de387ab0b5_7,weimaraner,further,dog,True
7988-85f09ac5-8225-48f3-9367-e890cdbb4ffb_1,basset,further,dog,True
7988-85f09ac5-8225-48f3-9367-e890cdbb4ffb_19,goldenretriever,further,dog,True
7988-85f09ac5-8225-48f3-9367-e890cdbb4ffb_23,pug,closer,dog,True
7988-85f09ac5-8225-48f3-9367-e890cdbb4ffb_24,bullmastiff,further,dog,True
7988-85f09ac5-8225-48f3-9367-e890cdbb4ffb_29,bloodhound,closer,dog,True
7988-85f09ac5-8225-48f3-9367-e890cdbb4ffb_30,chihuahua,further,dog,True
7988-85f09ac5-8225-48f3-9367-e890cdbb4ffb_8,doberman,closer,dog,True
8154-5d8b5091-2c29-4502-9719-1b295ff55c49_20,basset,further,dog,True
8154-5d8b5091-2c29-4502-9719-1b295ff55c49_25,bullmastiff,further,dog,True
8154-5d8b5091-2c29-4502-9719-1b295ff55c49_27,bloodhound,further,dog,True
8154-5d8b5091-2c29-4502-9719-1b295ff55c49_32,doberman,further,dog,True
8154-5d8b5091-2c29-4502-9719-1b295ff55c49_6,pug,closer,dog,True
8265-92081336-152b-4a90-bdb4-fea038f4c9b8_24,chihuahua,further,dog,True
8265-92081336-152b-4a90-bdb4-fea038f4c9b8_32,goldenretriever,closer,dog,True
8297-39d66207-4fb6-430c-8e2b-4f95213b6a55_22,bullmastiff,further,dog,True
8297-39d66207-4fb6-430c-8e2b-4f95213b6a55_31,basset,closer,dog,True
8297-39d66207-4fb6-430c-8e2b-4f95213b6a55_6,chihuahua,further,dog,True
8297-39d66207-4fb6-430c-8e2b-4f95213b6a55_8,goldenretriever,closer,dog,True
8486-a0a44a5f-4eb9-4924-b2b6-247478e1ce8d_10,bloodhound,further,dog,True
8486-a0a44a5f-4eb9-4924-b2b6-247478e1ce8d_17,basset,closer,dog,True
8486-a0a44a5f-4eb9-4924-b2b6-247478e1ce8d_3,pug,further,dog,True
8486-a0a44a5f-4eb9-4924-b2b6-247478e1ce8d_8,goldenretriever,closer,dog,True
9229-923201c3-dd68-4362-8eec-77cb88a647c4_1,doberman,further,dog,True
9229-923201c3-dd68-4362-8eec-77cb88a647c4_10,goldenretriever,further,dog,True
9229-923201c3-dd68-4362-8eec-77cb88a647c4_17,bloodhound,closer,dog,True
9229-923201c3-dd68-4362-8eec-77cb88a647c4_21,chihuahua,further,dog,True
9229-923201c3-dd68-4362-8eec-77cb88a647c4_24,basset,closer,dog,True
9229-923201c3-dd68-4362-8eec-77cb88a647c4_32,weimaraner,further,dog,True
9229-923201c3-dd68-4362-8eec-77cb88a647c4_5,pug,closer,dog,True
9840-46b175c7-8715-49fe-99a6-0dae8776ef1b_29,bullmastiff,further,dog,True
9840-46b175c7-8715-49fe-99a6-0dae8776ef1b_32,weimaraner,further,dog,True
9840-46b175c7-8715-49fe-99a6-0dae8776ef1b_9,pug,further,dog,True
9877-e1c91119-da46-40fa-82fe-17405ca56a3b_14,pug,further,dog,True
9877-e1c91119-da46-40fa-82fe-17405ca56a3b_18,doberman,closer,dog,True
9877-e1c91119-da46-40fa-82fe-17405ca56a3b_24,basset,closer,dog,True
9877-e1c91119-da46-40fa-82fe-17405ca56a3b_26,goldenretriever,further,dog,True
9877-e1c91119-da46-40fa-82fe-17405ca56a3b_29,bloodhound,further,dog,True
9877-e1c91119-da46-40fa-82fe-17405ca56a3b_30,bullmastiff,closer,dog,True
